company,quarter,product_segment,geography,user_segment,revenue_model,active_users,subscription_revenue_usd,ad_revenue_usd,revenue_usd,arpu,ad_impressions,ctr,ad_clicks,cpc,ecpm
OmniCorp,2026-Q3,OmniCorp_Core,NA,Consumer_Standard,ad_supported,1849622,46302510.44,4563583.58,50866094.02,27.5,228521962.0,0.0174,3981982.0,1.15,19.97
OmniCorp,2026-Q3,OmniCorp_Core,NA,Consumer_Premium,subscription,6427342,304651233.44,,304651233.44,47.4,,,,,
OmniCorp,2026-Q3,OmniCorp_Core,NA,Enterprise_SMB,subscription,190152,334014334.13,,334014334.13,1756.56,,,,,
OmniCorp,2026-Q3,OmniCorp_Core,NA,Enterprise_Corp,subscription,7845,392736316.76,,392736316.76,50061.99,,,,,
OmniCorp,2026-Q3,OmniCorp_Core,NA,Advertiser,advertiser,3826,,44640639.87,44640639.87,11667.71,1726242841.0,0.0192,33138533.0,1.35,25.86
OmniCorp,2026-Q3,OmniCorp_Core,EMEA,Consumer_Standard,ad_supported,1213514,25078824.06,1334047.31,26412871.37,21.77,103015236.0,0.0129,1329458.0,1.0,12.95
OmniCorp,2026-Q3,OmniCorp_Core,EMEA,Consumer_Premium,subscription,1310208,46653488.38,,46653488.38,35.61,,,,,
OmniCorp,2026-Q3,OmniCorp_Core,EMEA,Enterprise_SMB,subscription,157167,229491826.11,,229491826.11,1460.18,,,,,
OmniCorp,2026-Q3,OmniCorp_Core,EMEA,Enterprise_Corp,subscription,3365,101180679.16,,101180679.16,30068.55,,,,,
OmniCorp,2026-Q3,OmniCorp_Core,EMEA,Advertiser,advertiser,2225,,4220832.39,4220832.39,1897.0,433795724.0,0.0166,7190491.0,0.59,9.73
OmniCorp,2026-Q3,OmniCorp_Digital,NA,Consumer_Standard,ad_supported,4228535,124732582.19,6684159.92,131416742.11,31.08,593619886.0,0.009,5364875.0,1.25,11.26
OmniCorp,2026-Q3,OmniCorp_Digital,NA,Consumer_Premium,subscription,4743764,231960117.96,,231960117.96,48.9,,,,,
OmniCorp,2026-Q3,OmniCorp_Digital,NA,Enterprise_SMB,subscription,98080,71668376.74,,71668376.74,730.71,,,,,
OmniCorp,2026-Q3,OmniCorp_Digital,NA,Enterprise_Corp,subscription,16904,1020808137.53,,1020808137.53,60388.56,,,,,
OmniCorp,2026-Q3,OmniCorp_Digital,NA,Advertiser,advertiser,144,,1604808.84,1604808.84,11144.51,74022548.0,0.0138,1018158.0,1.58,21.68
OmniCorp,2026-Q3,OmniCorp_Digital,EMEA,Consumer_Standard,ad_supported,4196715,66668575.68,3596785.49,70265361.17,16.74,311140613.0,0.0074,2286982.0,1.57,11.56
OmniCorp,2026-Q3,OmniCorp_Digital,EMEA,Consumer_Premium,subscription,3553309,119145093.68,,119145093.68,33.53,,,,,
OmniCorp,2026-Q3,OmniCorp_Digital,EMEA,Enterprise_SMB,subscription,107754,138874076.29,,138874076.29,1288.81,,,,,
OmniCorp,2026-Q3,OmniCorp_Digital,EMEA,Enterprise_Corp,subscription,14315,452894581.17,,452894581.17,31637.76,,,,,
OmniCorp,2026-Q3,OmniCorp_Digital,EMEA,Advertiser,advertiser,1808,,16110160.9,16110160.9,8910.49,952137169.0,0.0129,12317460.0,1.31,16.92
AlphaMedia,2026-Q3,AlphaMedia_Core,NA,Consumer_Standard,ad_supported,3473585,93425086.87,6021251.02,99446337.89,28.63,321476296.0,0.0078,2504539.0,2.4,18.73
AlphaMedia,2026-Q3,AlphaMedia_Core,NA,Consumer_Premium,subscription,1041106,56906926.14,,56906926.14,54.66,,,,,
AlphaMedia,2026-Q3,AlphaMedia_Core,NA,Enterprise_SMB,subscription,128605,87465304.59,,87465304.59,680.11,,,,,
AlphaMedia,2026-Q3,AlphaMedia_Core,NA,Enterprise_Corp,subscription,9328,439427402.03,,439427402.03,47108.43,,,,,
AlphaMedia,2026-Q3,AlphaMedia_Core,NA,Advertiser,advertiser,3141,,131001939.89,131001939.89,41707.08,4254691130.0,0.0118,50042446.0,2.62,30.79
AlphaMedia,2026-Q3,AlphaMedia_Core,EMEA,Consumer_Standard,ad_supported,5326869,113640862.28,6380254.99,120021117.27,22.53,758651010.0,0.0086,6554974.0,0.97,8.41
AlphaMedia,2026-Q3,AlphaMedia_Core,EMEA,Consumer_Premium,subscription,8147995,304263482.55,,304263482.55,37.34,,,,,
AlphaMedia,2026-Q3,AlphaMedia_Core,EMEA,Enterprise_SMB,subscription,104549,165991013.64,,165991013.64,1587.69,,,,,
AlphaMedia,2026-Q3,AlphaMedia_Core,EMEA,Enterprise_Corp,subscription,10968,290140657.73,,290140657.73,26453.38,,,,,
AlphaMedia,2026-Q3,AlphaMedia_Core,EMEA,Advertiser,advertiser,2372,,8625179.28,8625179.28,3636.25,472871671.0,0.0099,4663823.0,1.85,18.24
AlphaMedia,2026-Q3,AlphaMedia_Digital,NA,Consumer_Standard,ad_supported,12549912,360641543.82,55368953.33,416010497.15,33.15,2422088947.0,0.0172,41558335.0,1.33,22.86
AlphaMedia,2026-Q3,AlphaMedia_Digital,NA,Consumer_Premium,subscription,7765088,368520495.61,,368520495.61,47.46,,,,,
AlphaMedia,2026-Q3,AlphaMedia_Digital,NA,Enterprise_SMB,subscription,128405,147709397.78,,147709397.78,1150.34,,,,,
AlphaMedia,2026-Q3,AlphaMedia_Digital,NA,Enterprise_Corp,subscription,13499,889612265.3,,889612265.3,65902.09,,,,,
AlphaMedia,2026-Q3,AlphaMedia_Digital,NA,Advertiser,advertiser,1623,,8995891.0,8995891.0,5542.75,412844929.0,0.0168,6938542.0,1.3,21.79
AlphaMedia,2026-Q3,AlphaMedia_Digital,EMEA,Consumer_Standard,ad_supported,10267933,137610865.06,12496500.71,150107365.77,14.62,1587865401.0,0.0079,12604683.0,0.99,7.87
AlphaMedia,2026-Q3,AlphaMedia_Digital,EMEA,Consumer_Premium,subscription,4511393,183232214.79,,183232214.79,40.62,,,,,
AlphaMedia,2026-Q3,AlphaMedia_Digital,EMEA,Enterprise_SMB,subscription,2803,4261041.76,,4261041.76,1520.17,,,,,
AlphaMedia,2026-Q3,AlphaMedia_Digital,EMEA,Enterprise_Corp,subscription,14716,917393590.93,,917393590.93,62339.87,,,,,
AlphaMedia,2026-Q3,AlphaMedia_Digital,EMEA,Advertiser,advertiser,1680,,15564863.99,15564863.99,9264.8,1036275898.0,0.012,12418905.0,1.25,15.02
AetherSoft,2026-Q3,AetherSoft_Core,NA,Consumer_Standard,ad_supported,7627892,183532458.89,15673444.07,199205902.96,26.12,413656481.0,0.0121,5003763.0,3.13,37.89
AetherSoft,2026-Q3,AetherSoft_Core,NA,Consumer_Premium,subscription,5087483,264374551.72,,264374551.72,51.97,,,,,
AetherSoft,2026-Q3,AetherSoft_Core,NA,Enterprise_SMB,subscription,191856,124525790.06,,124525790.06,649.06,,,,,
AetherSoft,2026-Q3,AetherSoft_Core,NA,Enterprise_Corp,subscription,8956,494421084.15,,494421084.15,55205.57,,,,,
AetherSoft,2026-Q3,AetherSoft_Core,NA,Advertiser,advertiser,814,,15964773.59,15964773.59,19612.74,512019679.0,0.0197,10109934.0,1.58,31.18
AetherSoft,2026-Q3,AetherSoft_Core,EMEA,Consumer_Standard,ad_supported,4569704,71419120.71,2705292.16,74124412.87,16.22,182420240.0,0.004,729680.0,3.71,14.83
AetherSoft,2026-Q3,AetherSoft_Core,EMEA,Consumer_Premium,subscription,4295441,149053467.12,,149053467.12,34.7,,,,,
AetherSoft,2026-Q3,AetherSoft_Core,EMEA,Enterprise_SMB,subscription,156582,187764607.13,,187764607.13,1199.15,,,,,
AetherSoft,2026-Q3,AetherSoft_Core,EMEA,Enterprise_Corp,subscription,21568,1032741003.77,,1032741003.77,47883.02,,,,,
AetherSoft,2026-Q3,AetherSoft_Core,EMEA,Advertiser,advertiser,1335,,4499921.09,4499921.09,3370.73,228770772.0,0.0127,2894561.0,1.55,19.67
AetherSoft,2026-Q3,AetherSoft_Digital,NA,Consumer_Standard,ad_supported,3061931,95384929.48,6070364.84,101455294.32,33.13,289340555.0,0.0073,2104875.0,2.88,20.98
AetherSoft,2026-Q3,AetherSoft_Digital,NA,Consumer_Premium,subscription,4372486,231765833.88,,231765833.88,53.01,,,,,
AetherSoft,2026-Q3,AetherSoft_Digital,NA,Enterprise_SMB,subscription,105648,116010590.11,,116010590.11,1098.09,,,,,
AetherSoft,2026-Q3,AetherSoft_Digital,NA,Enterprise_Corp,subscription,537,50572126.81,,50572126.81,94175.28,,,,,
AetherSoft,2026-Q3,AetherSoft_Digital,NA,Advertiser,advertiser,1061,,4439206.05,4439206.05,4183.98,158429909.0,0.0158,2503393.0,1.77,28.02
AetherSoft,2026-Q3,AetherSoft_Digital,EMEA,Consumer_Standard,ad_supported,5683269,103826184.61,4487855.35,108314039.96,19.06,309720866.0,0.0139,4301394.0,1.04,14.49
AetherSoft,2026-Q3,AetherSoft_Digital,EMEA,Consumer_Premium,subscription,4964333,186274262.29,,186274262.29,37.52,,,,,
AetherSoft,2026-Q3,AetherSoft_Digital,EMEA,Enterprise_SMB,subscription,145154,195370587.18,,195370587.18,1345.95,,,,,
AetherSoft,2026-Q3,AetherSoft_Digital,EMEA,Enterprise_Corp,subscription,5062,220112594.0,,220112594.0,43483.33,,,,,
AetherSoft,2026-Q3,AetherSoft_Digital,EMEA,Advertiser,advertiser,1013,,7762247.31,7762247.31,7662.63,382942640.0,0.0156,5990727.0,1.3,20.27
MetaVerseCorp,2026-Q3,MetaVerseCorp_Core,NA,Consumer_Standard,ad_supported,5529331,137082978.69,14340017.93,151422996.62,27.39,609953974.0,0.0086,5251256.0,2.73,23.51
MetaVerseCorp,2026-Q3,MetaVerseCorp_Core,NA,Consumer_Premium,subscription,743791,36941746.58,,36941746.58,49.67,,,,,
MetaVerseCorp,2026-Q3,MetaVerseCorp_Core,NA,Enterprise_SMB,subscription,176095,295140261.42,,295140261.42,1676.03,,,,,
MetaVerseCorp,2026-Q3,MetaVerseCorp_Core,NA,Enterprise_Corp,subscription,23230,1834851215.96,,1834851215.96,78986.28,,,,,
MetaVerseCorp,2026-Q3,MetaVerseCorp_Core,NA,Advertiser,advertiser,1048,,17368054.79,17368054.79,16572.57,591353585.0,0.0077,4582081.0,3.79,29.37
MetaVerseCorp,2026-Q3,MetaVerseCorp_Core,EMEA,Consumer_Standard,ad_supported,5988068,104854680.68,6856933.59,111711614.27,18.66,350379846.0,0.0132,4612959.0,1.49,19.57
MetaVerseCorp,2026-Q3,MetaVerseCorp_Core,EMEA,Consumer_Premium,subscription,6785842,253971218.12,,253971218.12,37.43,,,,,
MetaVerseCorp,2026-Q3,MetaVerseCorp_Core,EMEA,Enterprise_SMB,subscription,27488,33917423.56,,33917423.56,1233.9,,,,,
MetaVerseCorp,2026-Q3,MetaVerseCorp_Core,EMEA,Enterprise_Corp,subscription,9301,311199991.67,,311199991.67,33458.77,,,,,
MetaVerseCorp,2026-Q3,MetaVerseCorp_Core,EMEA,Advertiser,advertiser,1814,,7968210.18,7968210.18,4392.62,570380113.0,0.0147,8398993.0,0.95,13.97
MetaVerseCorp,2026-Q3,MetaVerseCorp_Digital,NA,Consumer_Standard,ad_supported,2618501,58620780.63,6957993.94,65578774.57,25.04,309932915.0,0.0179,5547417.0,1.25,22.45
MetaVerseCorp,2026-Q3,MetaVerseCorp_Digital,NA,Consumer_Premium,subscription,3530571,168486119.07,,168486119.07,47.72,,,,,
MetaVerseCorp,2026-Q3,MetaVerseCorp_Digital,NA,Enterprise_SMB,subscription,73367,126058978.82,,126058978.82,1718.2,,,,,
MetaVerseCorp,2026-Q3,MetaVerseCorp_Digital,NA,Enterprise_Corp,subscription,5259,136677337.82,,136677337.82,25989.23,,,,,
MetaVerseCorp,2026-Q3,MetaVerseCorp_Digital,NA,Advertiser,advertiser,597,,2382975.56,2382975.56,3991.58,156877917.0,0.0133,2089370.0,1.14,15.19
MetaVerseCorp,2026-Q3,MetaVerseCorp_Digital,EMEA,Consumer_Standard,ad_supported,8380478,151784468.72,7204696.17,158989164.89,18.97,546224122.0,0.0134,7334350.0,0.98,13.19
MetaVerseCorp,2026-Q3,MetaVerseCorp_Digital,EMEA,Consumer_Premium,subscription,6461427,206742067.97,,206742067.97,32.0,,,,,
MetaVerseCorp,2026-Q3,MetaVerseCorp_Digital,EMEA,Enterprise_SMB,subscription,134113,190545071.63,,190545071.63,1420.78,,,,,
MetaVerseCorp,2026-Q3,MetaVerseCorp_Digital,EMEA,Enterprise_Corp,subscription,5041,103126270.06,,103126270.06,20457.5,,,,,
MetaVerseCorp,2026-Q3,MetaVerseCorp_Digital,EMEA,Advertiser,advertiser,750,,1380319.39,1380319.39,1840.43,107669219.0,0.0183,1971571.0,0.7,12.82
AuraEnt,2026-Q3,AuraEnt_Core,NA,Consumer_Standard,ad_supported,2185961,64986947.3,8916927.3,73903874.6,33.81,414933797.0,0.0077,3194821.0,2.79,21.49
AuraEnt,2026-Q3,AuraEnt_Core,NA,Consumer_Premium,subscription,5653666,268656695.99,,268656695.99,47.52,,,,,
AuraEnt,2026-Q3,AuraEnt_Core,NA,Enterprise_SMB,subscription,40602,72505330.9,,72505330.9,1785.76,,,,,
AuraEnt,2026-Q3,AuraEnt_Core,NA,Enterprise_Corp,subscription,13683,224541345.87,,224541345.87,16410.24,,,,,
AuraEnt,2026-Q3,AuraEnt_Core,NA,Advertiser,advertiser,1953,,37695478.57,37695478.57,19301.32,1948086748.0,0.0131,25602729.0,1.47,19.35
AuraEnt,2026-Q3,AuraEnt_Core,EMEA,Consumer_Standard,ad_supported,8315669,146258484.51,12791881.6,159050366.11,19.13,1232358536.0,0.0078,9647562.0,1.33,10.38
AuraEnt,2026-Q3,AuraEnt_Core,EMEA,Consumer_Premium,subscription,756156,23101956.35,,23101956.35,30.55,,,,,
AuraEnt,2026-Q3,AuraEnt_Core,EMEA,Enterprise_SMB,subscription,55197,75624216.0,,75624216.0,1370.08,,,,,
AuraEnt,2026-Q3,AuraEnt_Core,EMEA,Enterprise_Corp,subscription,12638,662538160.91,,662538160.91,52424.29,,,,,
AuraEnt,2026-Q3,AuraEnt_Core,EMEA,Advertiser,advertiser,1913,,18586882.12,18586882.12,9716.09,1050699950.0,0.0163,17141798.0,1.08,17.69
AuraEnt,2026-Q3,AuraEnt_Digital,NA,Consumer_Standard,ad_supported,8377985,205199306.98,11810113.84,217009420.82,25.9,465148241.0,0.0104,4824937.0,2.45,25.39
AuraEnt,2026-Q3,AuraEnt_Digital,NA,Consumer_Premium,subscription,5521037,284635982.95,,284635982.95,51.55,,,,,
AuraEnt,2026-Q3,AuraEnt_Digital,NA,Enterprise_SMB,subscription,18224,33526866.27,,33526866.27,1839.71,,,,,
AuraEnt,2026-Q3,AuraEnt_Digital,NA,Enterprise_Corp,subscription,8171,252606526.18,,252606526.18,30915.01,,,,,
AuraEnt,2026-Q3,AuraEnt_Digital,NA,Advertiser,advertiser,3462,,56268867.52,56268867.52,16253.28,2350412177.0,0.0094,21981671.0,2.56,23.94
AuraEnt,2026-Q3,AuraEnt_Digital,EMEA,Consumer_Standard,ad_supported,11256768,224186692.77,13291012.03,237477704.8,21.1,825016265.0,0.0097,8009773.0,1.66,16.11
AuraEnt,2026-Q3,AuraEnt_Digital,EMEA,Consumer_Premium,subscription,4291376,142973895.63,,142973895.63,33.32,,,,,
AuraEnt,2026-Q3,AuraEnt_Digital,EMEA,Enterprise_SMB,subscription,75055,88215519.28,,88215519.28,1175.35,,,,,
AuraEnt,2026-Q3,AuraEnt_Digital,EMEA,Enterprise_Corp,subscription,10027,628207131.43,,628207131.43,62651.55,,,,,
AuraEnt,2026-Q3,AuraEnt_Digital,EMEA,Advertiser,advertiser,2836,,18766460.69,18766460.69,6617.23,946844636.0,0.0177,16750210.0,1.12,19.82
FruitTech,2026-Q3,FruitTech_Core,NA,Consumer_Standard,ad_supported,4021335,100468208.05,4301831.05,104770039.1,26.05,207918369.0,0.0051,1053470.0,4.08,20.69
FruitTech,2026-Q3,FruitTech_Core,NA,Consumer_Premium,subscription,5837052,254831533.78,,254831533.78,43.66,,,,,
FruitTech,2026-Q3,FruitTech_Core,NA,Enterprise_SMB,subscription,10420,16217005.48,,16217005.48,1556.33,,,,,
FruitTech,2026-Q3,FruitTech_Core,NA,Enterprise_Corp,subscription,13116,1026383967.7,,1026383967.7,78254.34,,,,,
FruitTech,2026-Q3,FruitTech_Core,NA,Advertiser,advertiser,2159,,66576744.61,66576744.61,30836.84,2192187837.0,0.0248,54401202.0,1.22,30.37
FruitTech,2026-Q3,FruitTech_Core,EMEA,Consumer_Standard,ad_supported,3011576,62019244.57,2957274.52,64976519.09,21.58,232673054.0,0.0078,1807229.0,1.64,12.71
FruitTech,2026-Q3,FruitTech_Core,EMEA,Consumer_Premium,subscription,2246024,90156220.44,,90156220.44,40.14,,,,,
FruitTech,2026-Q3,FruitTech_Core,EMEA,Enterprise_SMB,subscription,31374,23968637.57,,23968637.57,763.96,,,,,
FruitTech,2026-Q3,FruitTech_Core,EMEA,Enterprise_Corp,subscription,15663,902804704.17,,902804704.17,57639.32,,,,,
FruitTech,2026-Q3,FruitTech_Core,EMEA,Advertiser,advertiser,1994,,20953469.63,20953469.63,10508.26,1003999503.0,0.0084,8459007.0,2.48,20.87
FruitTech,2026-Q3,FruitTech_Digital,NA,Consumer_Standard,ad_supported,7046045,134121657.46,2297307.54,136418965.0,19.36,343908315.0,0.0114,3913883.0,0.59,6.68
FruitTech,2026-Q3,FruitTech_Digital,NA,Consumer_Premium,subscription,2780217,129533406.72,,129533406.72,46.59,,,,,
FruitTech,2026-Q3,FruitTech_Digital,NA,Enterprise_SMB,subscription,116740,85729239.16,,85729239.16,734.36,,,,,
FruitTech,2026-Q3,FruitTech_Digital,NA,Enterprise_Corp,subscription,1975,115524472.28,,115524472.28,58493.4,,,,,
FruitTech,2026-Q3,FruitTech_Digital,NA,Advertiser,advertiser,3102,,59198134.48,59198134.48,19083.86,2197406625.0,0.0101,22239509.0,2.66,26.94
FruitTech,2026-Q3,FruitTech_Digital,EMEA,Consumer_Standard,ad_supported,3241638,48603462.6,4298565.24,52902027.84,16.32,374765932.0,0.0125,4689571.0,0.92,11.47
FruitTech,2026-Q3,FruitTech_Digital,EMEA,Consumer_Premium,subscription,5218948,205651611.31,,205651611.31,39.4,,,,,
FruitTech,2026-Q3,FruitTech_Digital,EMEA,Enterprise_SMB,subscription,96659,57983444.27,,57983444.27,599.88,,,,,
FruitTech,2026-Q3,FruitTech_Digital,EMEA,Enterprise_Corp,subscription,16445,420139088.62,,420139088.62,25548.14,,,,,
FruitTech,2026-Q3,FruitTech_Digital,EMEA,Advertiser,advertiser,445,,4025801.04,4025801.04,9046.74,252243173.0,0.0244,6158392.0,0.65,15.96
StreamFlix,2026-Q3,StreamFlix_Core,NA,Consumer_Standard,ad_supported,10772526,350591029.16,48510919.35,399101948.51,37.05,1879539688.0,0.0116,21868709.0,2.22,25.81
StreamFlix,2026-Q3,StreamFlix_Core,NA,Consumer_Premium,subscription,8168048,343058016.0,,343058016.0,42.0,,,,,
StreamFlix,2026-Q3,StreamFlix_Core,NA,Enterprise_SMB,subscription,82890,87442989.06,,87442989.06,1054.93,,,,,
StreamFlix,2026-Q3,StreamFlix_Core,NA,Enterprise_Corp,subscription,6060,458120614.33,,458120614.33,75597.46,,,,,
StreamFlix,2026-Q3,StreamFlix_Core,NA,Advertiser,advertiser,1143,,42494023.71,42494023.71,37177.62,1626254256.0,0.0121,19598877.0,2.17,26.13
StreamFlix,2026-Q3,StreamFlix_Core,EMEA,Consumer_Standard,ad_supported,9411443,185539343.03,15773318.32,201312661.35,21.39,1481062753.0,0.0086,12666818.0,1.25,10.65
StreamFlix,2026-Q3,StreamFlix_Core,EMEA,Consumer_Premium,subscription,5953911,244348507.44,,244348507.44,41.04,,,,,
StreamFlix,2026-Q3,StreamFlix_Core,EMEA,Enterprise_SMB,subscription,24353,23090451.26,,23090451.26,948.16,,,,,
StreamFlix,2026-Q3,StreamFlix_Core,EMEA,Enterprise_Corp,subscription,2956,165993955.83,,165993955.83,56154.92,,,,,
StreamFlix,2026-Q3,StreamFlix_Core,EMEA,Advertiser,advertiser,2882,,20488567.51,20488567.51,7109.15,1111093683.0,0.0119,13272519.0,1.54,18.44
StreamFlix,2026-Q3,StreamFlix_Digital,NA,Consumer_Standard,ad_supported,14636564,324325470.13,34441121.43,358766591.56,24.51,1223051187.0,0.0124,15119342.0,2.28,28.16
StreamFlix,2026-Q3,StreamFlix_Digital,NA,Consumer_Premium,subscription,11041389,589732352.24,,589732352.24,53.41,,,,,
StreamFlix,2026-Q3,StreamFlix_Digital,NA,Enterprise_SMB,subscription,117698,199711024.03,,199711024.03,1696.81,,,,,
StreamFlix,2026-Q3,StreamFlix_Digital,NA,Enterprise_Corp,subscription,14887,383236935.45,,383236935.45,25743.06,,,,,
StreamFlix,2026-Q3,StreamFlix_Digital,NA,Advertiser,advertiser,1518,,73993138.57,73993138.57,48743.83,2437994681.0,0.0098,23872836.0,3.1,30.35
StreamFlix,2026-Q3,StreamFlix_Digital,EMEA,Consumer_Standard,ad_supported,5628654,76133501.62,9335032.55,85468534.17,15.18,805438529.0,0.0155,12495186.0,0.75,11.59
StreamFlix,2026-Q3,StreamFlix_Digital,EMEA,Consumer_Premium,subscription,4032499,135357944.83,,135357944.83,33.57,,,,,
StreamFlix,2026-Q3,StreamFlix_Digital,EMEA,Enterprise_SMB,subscription,60376,55510055.09,,55510055.09,919.41,,,,,
StreamFlix,2026-Q3,StreamFlix_Digital,EMEA,Enterprise_Corp,subscription,6258,99902236.49,,99902236.49,15963.92,,,,,
StreamFlix,2026-Q3,StreamFlix_Digital,EMEA,Advertiser,advertiser,1433,,19506640.44,19506640.44,13612.45,860081148.0,0.0134,11507437.0,1.7,22.68
RideFlow,2026-Q3,RideFlow_Core,NA,Consumer_Standard,ad_supported,3387893,63714960.64,6565432.06,70280392.7,20.74,237019208.0,0.0133,3142199.0,2.09,27.7
RideFlow,2026-Q3,RideFlow_Core,NA,Consumer_Premium,subscription,6034280,343468359.83,,343468359.83,56.92,,,,,
RideFlow,2026-Q3,RideFlow_Core,NA,Enterprise_SMB,subscription,24988,37544799.25,,37544799.25,1502.51,,,,,
RideFlow,2026-Q3,RideFlow_Core,NA,Enterprise_Corp,subscription,6701,474828834.63,,474828834.63,70859.4,,,,,
RideFlow,2026-Q3,RideFlow_Core,NA,Advertiser,advertiser,3668,,16866729.53,16866729.53,4598.35,1307498413.0,0.0127,16588916.0,1.02,12.9
RideFlow,2026-Q3,RideFlow_Core,EMEA,Consumer_Standard,ad_supported,7744644,146567307.73,7509250.3,154076558.03,19.89,787133155.0,0.0118,9270746.0,0.81,9.54
RideFlow,2026-Q3,RideFlow_Core,EMEA,Consumer_Premium,subscription,5188830,204198133.54,,204198133.54,39.35,,,,,
RideFlow,2026-Q3,RideFlow_Core,EMEA,Enterprise_SMB,subscription,84268,85744673.23,,85744673.23,1017.52,,,,,
RideFlow,2026-Q3,RideFlow_Core,EMEA,Enterprise_Corp,subscription,5638,312991069.09,,312991069.09,55514.56,,,,,
RideFlow,2026-Q3,RideFlow_Core,EMEA,Advertiser,advertiser,2415,,14619244.17,14619244.17,6053.52,932349756.0,0.0137,12770314.0,1.14,15.68
RideFlow,2026-Q3,RideFlow_Digital,NA,Consumer_Standard,ad_supported,8295889,201411350.79,17163741.88,218575092.67,26.35,1060144650.0,0.0132,14012968.0,1.22,16.19
RideFlow,2026-Q3,RideFlow_Digital,NA,Consumer_Premium,subscription,7399170,421752690.0,,421752690.0,57.0,,,,,
RideFlow,2026-Q3,RideFlow_Digital,NA,Enterprise_SMB,subscription,98567,53509815.18,,53509815.18,542.88,,,,,
RideFlow,2026-Q3,RideFlow_Digital,NA,Enterprise_Corp,subscription,18481,444642834.97,,444642834.97,24059.46,,,,,
RideFlow,2026-Q3,RideFlow_Digital,NA,Advertiser,advertiser,1342,,18930351.32,18930351.32,14106.07,716515947.0,0.0247,17688667.0,1.07,26.42
RideFlow,2026-Q3,RideFlow_Digital,EMEA,Consumer_Standard,ad_supported,8851536,121013376.92,11789192.93,132802569.85,15.0,940877329.0,0.0088,8308222.0,1.42,12.53
RideFlow,2026-Q3,RideFlow_Digital,EMEA,Consumer_Premium,subscription,5479731,179266870.93,,179266870.93,32.71,,,,,
RideFlow,2026-Q3,RideFlow_Digital,EMEA,Enterprise_SMB,subscription,59024,46862697.7,,46862697.7,793.96,,,,,
RideFlow,2026-Q3,RideFlow_Digital,EMEA,Enterprise_Corp,subscription,14413,605606078.49,,605606078.49,42018.04,,,,,
RideFlow,2026-Q3,RideFlow_Digital,EMEA,Advertiser,advertiser,2573,,12094913.01,12094913.01,4700.7,751236833.0,0.0105,7883284.0,1.53,16.1
ApexMedia,2026-Q3,ApexMedia_Core,NA,Consumer_Standard,ad_supported,8971262,200389919.37,34048227.61,234438146.98,26.13,1455674545.0,0.0103,15064148.0,2.26,23.39
ApexMedia,2026-Q3,ApexMedia_Core,NA,Consumer_Premium,subscription,8953652,472379478.32,,472379478.32,52.76,,,,,
ApexMedia,2026-Q3,ApexMedia_Core,NA,Enterprise_SMB,subscription,74522,118616617.45,,118616617.45,1591.7,,,,,
ApexMedia,2026-Q3,ApexMedia_Core,NA,Enterprise_Corp,subscription,19921,365286143.1,,365286143.1,18336.74,,,,,
ApexMedia,2026-Q3,ApexMedia_Core,NA,Advertiser,advertiser,3863,,27539500.08,27539500.08,7129.04,940235578.0,0.006,5641413.0,4.88,29.29
ApexMedia,2026-Q3,ApexMedia_Core,EMEA,Consumer_Standard,ad_supported,1962003,28854086.44,4138834.14,32992920.58,16.82,398347848.0,0.0086,3430955.0,1.21,10.39
ApexMedia,2026-Q3,ApexMedia_Core,EMEA,Consumer_Premium,subscription,6820846,248197370.29,,248197370.29,36.39,,,,,
ApexMedia,2026-Q3,ApexMedia_Core,EMEA,Enterprise_SMB,subscription,77023,47908063.13,,47908063.13,622.0,,,,,
ApexMedia,2026-Q3,ApexMedia_Core,EMEA,Enterprise_Corp,subscription,11302,568736423.99,,568736423.99,50321.75,,,,,
ApexMedia,2026-Q3,ApexMedia_Core,EMEA,Advertiser,advertiser,3059,,24443577.52,24443577.52,7990.71,1273766416.0,0.0085,10795608.0,2.26,19.19
ApexMedia,2026-Q3,ApexMedia_Digital,NA,Consumer_Standard,ad_supported,14134450,282596123.88,69166576.5,351762700.38,24.89,2559828886.0,0.0109,27837136.0,2.48,27.02
ApexMedia,2026-Q3,ApexMedia_Digital,NA,Consumer_Premium,subscription,9905233,419322369.81,,419322369.81,42.33,,,,,
ApexMedia,2026-Q3,ApexMedia_Digital,NA,Enterprise_SMB,subscription,37286,22359198.62,,22359198.62,599.67,,,,,
ApexMedia,2026-Q3,ApexMedia_Digital,NA,Enterprise_Corp,subscription,16615,488644053.57,,488644053.57,29409.81,,,,,
ApexMedia,2026-Q3,ApexMedia_Digital,NA,Advertiser,advertiser,1446,,41422732.03,41422732.03,28646.43,1985749378.0,0.0169,33498388.0,1.24,20.86
ApexMedia,2026-Q3,ApexMedia_Digital,EMEA,Consumer_Standard,ad_supported,3993538,69671587.0,2732735.19,72404322.19,18.13,335716854.0,0.0093,3117665.0,0.88,8.14
ApexMedia,2026-Q3,ApexMedia_Digital,EMEA,Consumer_Premium,subscription,1097018,34071665.09,,34071665.09,31.06,,,,,
ApexMedia,2026-Q3,ApexMedia_Digital,EMEA,Enterprise_SMB,subscription,26086,9907362.61,,9907362.61,379.8,,,,,
ApexMedia,2026-Q3,ApexMedia_Digital,EMEA,Enterprise_Corp,subscription,10747,623737218.92,,623737218.92,58038.26,,,,,
ApexMedia,2026-Q3,ApexMedia_Digital,EMEA,Advertiser,advertiser,3351,,31560349.12,31560349.12,9418.19,1766107953.0,0.0071,12473061.0,2.53,17.87
EnterpriseCloud,2026-Q3,EnterpriseCloud_Core,NA,Consumer_Standard,ad_supported,2399351,75161128.73,3270521.59,78431650.32,32.69,186460752.0,0.0108,2022833.0,1.62,17.54
EnterpriseCloud,2026-Q3,EnterpriseCloud_Core,NA,Consumer_Premium,subscription,1535229,79626787.95,,79626787.95,51.87,,,,,
EnterpriseCloud,2026-Q3,EnterpriseCloud_Core,NA,Enterprise_SMB,subscription,27518,22276028.71,,22276028.71,809.51,,,,,
EnterpriseCloud,2026-Q3,EnterpriseCloud_Core,NA,Enterprise_Corp,subscription,12199,573216234.04,,573216234.04,46988.79,,,,,
EnterpriseCloud,2026-Q3,EnterpriseCloud_Core,NA,Advertiser,advertiser,1825,,7326405.02,7326405.02,4014.47,240052589.0,0.0086,2070310.0,3.54,30.52
EnterpriseCloud,2026-Q3,EnterpriseCloud_Core,EMEA,Consumer_Standard,ad_supported,4027030,81588758.79,3558017.75,85146776.54,21.14,244201630.0,0.0103,2524564.0,1.41,14.57
EnterpriseCloud,2026-Q3,EnterpriseCloud_Core,EMEA,Consumer_Premium,subscription,3503373,131032004.29,,131032004.29,37.4,,,,,
EnterpriseCloud,2026-Q3,EnterpriseCloud_Core,EMEA,Enterprise_SMB,subscription,221128,320909929.81,,320909929.81,1451.24,,,,,
EnterpriseCloud,2026-Q3,EnterpriseCloud_Core,EMEA,Enterprise_Corp,subscription,6662,429316717.99,,429316717.99,64442.62,,,,,
EnterpriseCloud,2026-Q3,EnterpriseCloud_Core,EMEA,Advertiser,advertiser,846,,1517829.53,1517829.53,1794.12,120462661.0,0.0092,1102517.0,1.38,12.6
EnterpriseCloud,2026-Q3,EnterpriseCloud_Digital,NA,Consumer_Standard,ad_supported,3451721,68206572.17,2754401.81,70960973.98,20.56,80467479.0,0.0061,494498.0,5.57,34.23
EnterpriseCloud,2026-Q3,EnterpriseCloud_Digital,NA,Consumer_Premium,subscription,2491159,118908842.89,,118908842.89,47.73,,,,,
EnterpriseCloud,2026-Q3,EnterpriseCloud_Digital,NA,Enterprise_SMB,subscription,298654,687211287.91,,687211287.91,2301.03,,,,,
EnterpriseCloud,2026-Q3,EnterpriseCloud_Digital,NA,Enterprise_Corp,subscription,7575,690856863.64,,690856863.64,91202.23,,,,,
EnterpriseCloud,2026-Q3,EnterpriseCloud_Digital,NA,Advertiser,advertiser,185,,2449211.97,2449211.97,13238.98,82243518.0,0.0113,931543.0,2.63,29.78
EnterpriseCloud,2026-Q3,EnterpriseCloud_Digital,EMEA,Consumer_Standard,ad_supported,5226029,95653814.53,4098004.54,99751819.07,19.09,323952928.0,0.0101,3264608.0,1.26,12.65
EnterpriseCloud,2026-Q3,EnterpriseCloud_Digital,EMEA,Consumer_Premium,subscription,2525187,92806990.1,,92806990.1,36.75,,,,,
EnterpriseCloud,2026-Q3,EnterpriseCloud_Digital,EMEA,Enterprise_SMB,subscription,168439,120621061.15,,120621061.15,716.11,,,,,
EnterpriseCloud,2026-Q3,EnterpriseCloud_Digital,EMEA,Enterprise_Corp,subscription,19343,1209936090.65,,1209936090.65,62551.63,,,,,
EnterpriseCloud,2026-Q3,EnterpriseCloud_Digital,EMEA,Advertiser,advertiser,1963,,8536577.9,8536577.9,4348.74,548270899.0,0.006,3289625.0,2.6,15.57
